{"scaled_K": [[18949.794310172634, 0.0, 974.1226317830435], [0.0, 18825.547940192137, 504.9635027247813], [0.0, 0.0, 1.0]], "balance": 1, "dim3": [1920, 1080], "dim2": [1920, 1080], "new_K": [[16034.807190373002, 0.0, 967.7921927926749], [0.0, 15929.673247801838, 521.450963468664], [0.0, 0.0, 1.0]], "D": [[-365.9384813559026], [366244.9378764467], [-620443465.8054726], [428770217982.39294]], "dim1": [1920, 1080], "K": [[18949.794310172634, 0.0, 974.1226317830435], [0.0, 18825.547940192137, 504.9635027247813], [0.0, 0.0, 1.0]]}