{"dim3": [800, 800], "scaled_K": [[24158.554843776372, 0.0, 416.717123983126], [0.0, 24033.23996274148, 367.50820395215663], [0.0, 0.0, 1.0]], "D": [[-588.5141279459174], [716874.1441265425], [-1860175929.6213188], [2237981014574.206]], "K": [[24158.554843776372, 0.0, 416.717123983126], [0.0, 24033.23996274148, 367.50820395215663], [0.0, 0.0, 1.0]], "new_K": [[19232.681070672978, 0.0, 420.1300728877111], [0.0, 19132.917605683502, 361.77109223598376], [0.0, 0.0, 1.0]], "balance": 1, "dim1": [800, 800], "dim2": [800, 800]}