{"scaled_K": [[33192.73499275955, 0.0, 416.6454866169099], [0.0, 32661.91016872419, 364.0104949215147], [0.0, 0.0, 1.0]], "dim2": [800, 800], "balance": 1, "dim1": [800, 800], "new_K": [[27919.207190583405, 0.0, 418.98735169402215], [0.0, 27472.71767270002, 359.11848337226655], [0.0, 0.0, 1.0]], "D": [[-666.8002696302187], [240920.47684314888], [-244620928.46278492], [168001889133.7606]], "dim3": [800, 800], "K": [[33192.73499275955, 0.0, 416.6454866169099], [0.0, 32661.910168724193, 364.0104949215147], [0.0, 0.0, 1.0]]}