{"dim1": [1920, 1080], "D": [[-0.2638033064732342], [0.12278177072341483], [0.03784110365663137], [-0.0535388767012942]], "balance": 1, "scaled_K": [[732.9229871761166, 0.0, 969.2943864681951], [0.0, 735.6337968096286, 513.0405923977305], [0.0, 0.0, 1.0]], "dim3": [1920, 1080], "new_K": [[467.25351441670756, 0.0, 889.6086883987149], [0.0, 468.9817114446837, 502.79562068876356], [0.0, 0.0, 1.0]], "dim2": [1920, 1080], "K": [[732.9229871761166, 0.0, 969.2943864681951], [0.0, 735.6337968096286, 513.0405923977305], [0.0, 0.0, 1.0]]}